,CID,name,smiles,7.1-Drug Indication,8.1-Pharmacodynamics,8.2-MeSH Pharmacological Classification,"8.5-Absorption, Distribution and Excretion",8.6-Metabolism/Metabolites,8.7-Biological Half-Life
0,300001,1-Butan-2-yl-4-(4-methoxyphenyl)benzene,CCC(C)C1=CC=C(C=C1)C2=CC=C(C=C2)OC,,,,,,
1,300002,"N~1~-(2-Aminoethyl)-N~2~-[2-(aziridin-1-yl)ethyl]ethane-1,2-diamine",C1CN1CCNCCNCCN,,,,,,
2,300003,"1,1-bis(aziridin-1-yl)-N,N-dimethylmethanamine",CN(C)C(N1CC1)N2CC2,,,,,,
3,300004,CID 300004,CN=C(N(C1CCCCC1)C2CCCCC2)S,,,,,,
4,300005,CID 300005,CCN=C(N(CC1=CC=CC=C1)CC2=CC=CC=C2)S,,,,,,
5,300006,1-Dodecylaziridine,CCCCCCCCCCCCN1CC1,,,,,,
6,300007,"6-Methoxy-1,2-dihydroquinoline-2-carbonitrile",COC1=CC2=C(C=C1)NC(C=C2)C#N,,,,,,
7,300008,"tert-Butyl [(2,2-dimethylpropanoyl)oxy]carbamate",CC(C)(C)C(=O)ONC(=O)OC(C)(C)C,,,,,,
8,300009,N-[2-[p-Methoxybenzyl]amino]ethylaziridine,COC1=CC=C(C=C1)CNCCN2CC2,,,,,,
9,300010,N-[2-(aziridin-1-yl)ethyl]-1-cyclopropylethanamine,CC(C1CC1)NCCN2CC2,,,,,,
10,300011,2-(N'-phenylcarbamimidoyl)sulfanylethanesulfonic acid,C1=CC=C(C=C1)N=C(N)SCCS(=O)(=O)O,,,,,,
11,300012,1-O-ethyl 5-O-methyl 2-acetyl-2-(2-cyanoethyl)pentanedioate,CCOC(=O)C(CCC#N)(CCC(=O)OC)C(=O)C,,,,,,
12,300013,2-(3-Bromopropoxy)-4-methyl-1-propan-2-ylbenzene,CC1=CC(=C(C=C1)C(C)C)OCCCBr,,,,,,
13,300014,"Ethyl 3-(3-bromo-2,4,6-trimethylphenyl)-3-oxopropanoate",CCOC(=O)CC(=O)C1=C(C(=C(C=C1C)C)Br)C,,,,,,
14,300015,"2-Bromo-3,5-dimethoxytoluene",CC1=CC(=CC(=C1Br)OC)OC,,,,,,
15,300016,4-Bromo-6-oxabicyclo[3.2.1]octan-7-one,C1CC(C2CC1C(=O)O2)Br,,,,,,
16,300017,2-(Triphenyl-lambda~5~-phosphanylidene)cyclopentan-1-one,C1CC(=O)C(=P(C2=CC=CC=C2)(C3=CC=CC=C3)C4=CC=CC=C4)C1,,,,,,
17,300018,Methyl 3-(4-methoxyphenyl)propanoate,COC1=CC=C(C=C1)CCC(=O)OC,,,,,,
18,300019,"N-(6-bromo-1,3-benzodioxol-5-yl)-2,2-dichloroacetamide",C1OC2=C(O1)C=C(C(=C2)NC(=O)C(Cl)Cl)Br,,,,,,
19,300020,"5-Methyl-[1,2,5]oxadiazolo[3,4-d]pyrimidin-7-amine",CC1=NC2=NON=C2C(=N1)N,,,,,,
20,300021,"5-Phenyl-[1,2,5]oxadiazolo[3,4-d]pyrimidin-7-amine",C1=CC=C(C=C1)C2=NC3=NON=C3C(=N2)N,,,,,,
21,300022,2-(2-Oxiranyl)quinoxaline,C1C(O1)C2=NC3=CC=CC=C3N=C2,,,,,,
22,300023,Diethyl-4-phenanthroyl malonate,CCOC(=O)C(C(=O)C1=CC=CC2=C1C3=CC=CC=C3C=C2)C(=O)OCC,,,,,,
23,300024,5-Pentan-3-ylnonan-5-ol,CCCCC(CCCC)(C(CC)CC)O,,,,,,
24,300025,N-(5-bromo-6-methoxyquinolin-8-yl)acetamide,CC(=O)NC1=CC(=C(C2=C1N=CC=C2)Br)OC,,,,,,
25,300026,Ethyl 2-acetyl-5-phenylpent-4-enoate,CCOC(=O)C(CC=CC1=CC=CC=C1)C(=O)C,,,,,,
26,300027,Ethyl 2-oxo-1-prop-2-enyl-cyclohexane-1-carboxylate,CCOC(=O)C1(CCCCC1=O)CC=C,,,,,,
27,300028,"4-Pentenoic acid,2-acetyl-3-oxo-5-phenyl-, ethyl ester",CCOC(=O)C(C(=O)C)C(=O)C=CC1=CC=CC=C1,,,,,,
28,300029,2-(Hydroxymethyl)-2-prop-2-enylcyclohexan-1-ol,C=CCC1(CCCCC1O)CO,,,,,,
29,300030,"6-Bromo-1,2,3,4-tetrahydronaphthalene",C1CCC2=C(C1)C=CC(=C2)Br,,,,,,
30,300031,"7-nitro-3,4-dihydro-2H-naphthalen-1-one oxime",C1CC2=C(C=C(C=C2)[N+](=O)[O-])C(=NO)C1,,,,,,
31,300032,Pyridine; sulfosulfanylbenzene,C1=CC=C(C=C1)SS(=O)(=O)O.C1=CC=NC=C1,,,,,,
32,300033,Sulfosulfanylbenzene,C1=CC=C(C=C1)SS(=O)(=O)O,,,,,,
33,300034,Ethyl 2-cyanopentadec-3-enoate,CCCCCCCCCCCC=CC(C#N)C(=O)OCC,,,,,,
34,300035,"2,6,10,14,20,24,28,32-Octamethyltritriaconta-14,19-dien-17-one",CC(C)CCCC(C)CCCC(C)CCCC(=CCC(=O)CC=C(C)CCCC(C)CCCC(C)CCCC(C)C)C,,,,,,
35,300036,Diethyl isobutyroylmalonate,CCOC(=O)C(C(=O)C(C)C)C(=O)OCC,,,,,,
36,300037,"Ethyl 3-hydroxy-2-oxo-1,2-dihydroquinoline-4-carboxylate",CCOC(=O)C1=C(C(=O)NC2=CC=CC=C21)O,,,,,,
37,300038,"2-Bromo-1,3,4-trimethylbenzene",CC1=C(C(=C(C=C1)C)Br)C,,,,,,
38,300039,2-Hydroxy-2-methyltridecanenitrile,CCCCCCCCCCCC(C)(C#N)O,,,,,,
39,300040,Ethyl 2-acetyl-5-methylhexanoate,CCOC(=O)C(CCC(C)C)C(=O)C,,,,,,
40,300041,"17,20-Dimethylhexatriacont-18-yne-17,20-diol",CCCCCCCCCCCCCCCCC(C)(C#CC(C)(CCCCCCCCCCCCCCCC)O)O,,,,,,
41,300042,"1,2,3,4-Tetramethyl-5,6-dinitrobenzene",CC1=C(C(=C(C(=C1C)[N+](=O)[O-])[N+](=O)[O-])C)C,,,,,,
42,300043,"2,3,5-Trimethyl-4-phenyldiazenylphenol",CC1=CC(=C(C(=C1N=NC2=CC=CC=C2)C)C)O,,,,,,
43,300044,"2,3,5-Trimethyl-6-[(2,4,5-trimethyl-3,6-dioxocyclohexa-1,4-dien-1-yl)methyl]cyclohexa-2,5-diene-1,4-dione",CC1=C(C(=O)C(=C(C1=O)C)CC2=C(C(=O)C(=C(C2=O)C)C)C)C,,,,,,
44,300045,CID 300045,CC(=C(C)C(=O)O)C1=CC=CC=C1.CC(=C(C)C(=O)O)C1=CC=CC=C1,,,,,,
45,300046,2-Methyl-3-phenylbut-2-enoic acid,CC(=C(C)C(=O)O)C1=CC=CC=C1,,,,,,
46,300047,Ethyl 2-(aminomethyl)-4-methylpentadecanoate,CCCCCCCCCCCC(C)CC(CN)C(=O)OCC,,,,,,
47,300048,2-Phenylcyclohex-3-ene-1-carboxylic acid,C1CC(C(C=C1)C2=CC=CC=C2)C(=O)O,,,,,,
48,300049,"4-(2,2-dichloroethenyl)-N,N-dimethylaniline",CN(C)C1=CC=C(C=C1)C=C(Cl)Cl,,,,,,
49,300050,"3-Bromo-1,3-diphenylprop-2-en-1-one",C1=CC=C(C=C1)C(=CC(=O)C2=CC=CC=C2)Br,,,,,,
50,300051,"1-(2,3-Dimethylnaphthalen-1-yl)propan-1-one",CCC(=O)C1=C(C(=CC2=CC=CC=C21)C)C,,,,,,
51,300052,2-(7-Methylnaphthalen-1-yl)acetic acid,CC1=CC2=C(C=CC=C2CC(=O)O)C=C1,,,,,,
52,300053,2-Chloro-4'-methoxybenzil,COC1=CC=C(C=C1)C(=O)C(=O)C2=CC=CC=C2Cl,,,,,,
53,300054,Lividomycin A sulfate,C1C(C(C(C(C1N)OC2C(CC(C(O2)CO)O)N)OC3C(C(C(O3)CO)OC4C(C(C(C(O4)CN)OC5C(C(C(C(O5)CO)O)O)O)O)N)O)O)N.OS(=O)(=O)O,,,,,,
54,300055,"2-[3-(9-Methoxy-5,11-dimethylpyrido[4,3-b]carbazol-6-yl)propyl]isoindole-1,3-dione",CC1=C2C=CN=CC2=C(C3=C1N(C4=C3C=C(C=C4)OC)CCCN5C(=O)C6=CC=CC=C6C5=O)C,,,,,,
55,300056,"2-[3-(5,11-Dimethylpyrido[4,3-b]carbazol-6-yl)propyl]isoindole-1,3-dione",CC1=C2C=CN=CC2=C(C3=C1N(C4=CC=CC=C43)CCCN5C(=O)C6=CC=CC=C6C5=O)C,,,,,,
56,300057,2-Bromopyridine 1-oxide,C1=CC=[N+](C(=C1)Br)[O-],,,,,,
57,300058,6-bromo-N-methylnaphthalen-2-amine,CNC1=CC2=C(C=C1)C=C(C=C2)Br,,,,,,
58,300059,"N-(6-bromonaphthalen-2-yl)-N,4-dimethylbenzenesulfonamide",CC1=CC=C(C=C1)S(=O)(=O)N(C)C2=CC3=C(C=C2)C=C(C=C3)Br,,,,,,
59,300060,"(5-Amino-2,2-dimethyl-1,3-dioxan-5-yl)methanol",CC1(OCC(CO1)(CO)N)C,,,,,,
60,300061,CID 300061,CN=C(N(C1=CC=CC=C1)N)S,,,,,,
61,300062,"3-Methyl-4',7-dichlorocinchophen",CC1=C(C2=C(C=C(C=C2)Cl)N=C1C3=CC=C(C=C3)Cl)C(=O)O,,,,,,
62,300063,"N-Hydroxy-2-(3,4,5-trimethoxyphenyl)acetamide",COC1=CC(=CC(=C1OC)OC)CC(=O)NO,,,,,,
63,300064,"1,3,3,5-Pentanetetracarboxylic acid, 3,3-diethyl 1,5-dimethyl ester",CCOC(=O)C(CCC(=O)OC)(CCC(=O)OC)C(=O)OCC,,,,,,
64,300065,2-(Dibutylamino)-1-phenylethanol;oxalic acid,CCCCN(CCCC)CC(C1=CC=CC=C1)O.C(=O)(C(=O)O)O,,,,,,
65,300066,2-(Dibutylamino)-1-phenylethan-1-ol,CCCCN(CCCC)CC(C1=CC=CC=C1)O,,,,,,
66,300067,"9,10-Dibromo-9,10-dihydrophenanthrene-4-carboxylic acid",C1=CC=C2C(=C1)C(C(C3=C2C(=CC=C3)C(=O)O)Br)Br,,,,,,
67,300068,Diethyl 2-(phenanthrene-1-carbonyl)propanedioate,CCOC(=O)C(C(=O)C1=CC=CC2=C1C=CC3=CC=CC=C32)C(=O)OCC,,,,,,
68,300069,2-Bromo-1-phenanthren-1-ylethanone,C1=CC=C2C(=C1)C=CC3=C2C=CC=C3C(=O)CBr,,,,,,
69,300070,2-Phenanthren-1-yloxirane,C1C(O1)C2=CC=CC3=C2C=CC4=CC=CC=C43,,,,,,
70,300071,Diethyl 2-[(4-methoxy-2-nitroanilino)methylene]malonate,CCOC(=O)C(=CNC1=C(C=C(C=C1)OC)[N+](=O)[O-])C(=O)OCC,,,,,,
71,300072,2-(N-ethylcarbamimidoyl)sulfanylethanesulfonic acid,CCN=C(N)SCCS(=O)(=O)O,,,,,,
72,300073,"N-[4-[3,5-bis(trifluoromethyl)phenyl]-6-(trichloromethyl)-1,3,5-triazin-2-yl]-N',N'-diethylethane-1,2-diamine",CCN(CC)CCNC1=NC(=NC(=N1)C(Cl)(Cl)Cl)C2=CC(=CC(=C2)C(F)(F)F)C(F)(F)F,,,,,,
73,300074,Iron selenide (Fe2Se),[Fe]=[Se]=[Fe],,,,,,
74,300075,"Benzenesulfonamide, 3-nitro-4-(1-piperidinyl)-",C1CCN(CC1)C2=C(C=C(C=C2)S(=O)(=O)N)[N+](=O)[O-],,,,,,
75,300076,3-Amino-4-piperidin-1-ylbenzenesulfonamide,C1CCN(CC1)C2=C(C=C(C=C2)S(=O)(=O)N)N,,,,,,
76,300077,3-Amino-4-pyrrolidinobenzenesulfonamide,C1CCN(C1)C2=C(C=C(C=C2)S(=O)(=O)N)N,,,,,,
77,300078,"3,7-Dimethyloctyl octadecanoate",CCCCCCCCCCCCCCCCCC(=O)OCCC(C)CCCC(C)C,,,,,,
78,300079,1-Cyclopropyl-3-phenylprop-2-en-1-one,C1CC1C(=O)C=CC2=CC=CC=C2,,,,,,
79,300080,Ethyl 2-cyano-3-cyclopropyl-3-methyl-4-nitrobutanoate,CCOC(=O)C(C#N)C(C)(C[N+](=O)[O-])C1CC1,,,,,,
80,300081,3-Methyl-3-tetradecanol,CCCCCCCCCCCC(C)(CC)O,,,,,,
81,300082,Chloroacetic trichloroacetic anhydride,C(C(=O)OC(=O)C(Cl)(Cl)Cl)Cl,,,,,,
82,300083,Ethyl 3-cyclopropyl-3-hydroxybutanoate,CCOC(=O)CC(C)(C1CC1)O,,,,,,
83,300084,"1,3-Cyclopentadiene-1-carboxylicacid,5-oxo-,ethylester(9CI)",CCOC(=O)C1=CC=CC1=O,,,,,,
84,300085,"trans-p-Menth-2-ene-1,4-diol",CC(C)C1(CCC(C=C1)(C)O)O,,,,,,
85,300086,"2-But-2-enoxy-1,5-dimethyl-3-prop-1-enylbenzene",CC=CCOC1=C(C=C(C=C1C=CC)C)C,,,,,,
86,300087,"Acetanilide, 4'-p-tolyl-",CC1=CC=C(C=C1)C2=CC=C(C=C2)NC(=O)C,,,,,,
87,300088,"2-[2-Hydroxy-3,4-dimethoxy-6-[3,4,5-trihydroxy-6-(hydroxymethyl)oxan-2-yl]oxycyclohexylidene]acetonitrile",COC1CC(C(=CC#N)C(C1OC)O)OC2C(C(C(C(O2)CO)O)O)O,,,,,,
88,300089,4-[4-(3-Methoxypropylamino)phenyl]sulfonylaniline,COCCCNC1=CC=C(C=C1)S(=O)(=O)C2=CC=C(C=C2)N,,,,,,
89,300090,5-(4-Aminophenyl)sulfonyl-2-morpholin-4-ylaniline,C1COCCN1C2=C(C=C(C=C2)S(=O)(=O)C3=CC=C(C=C3)N)N,,,,,,
90,300091,Protein (sartorilli),C1=CC=C2C(=C1)C=CC(=N2)CC(=O)CC(=O)C3=CC=C(C=C3)Cl,,,,,,
91,300092,"(6,8-Dichloro-2-methylquinolin-4-yl)-pyridin-2-ylmethanol",CC1=CC(=C2C=C(C=C(C2=N1)Cl)Cl)C(C3=CC=CC=N3)O,,,,,,
92,300093,"3-(3,3-dimethyl-2-oxobutyl)-3-hydroxy-4-(trifluoromethyl)-1H-indol-2-one",CC(C)(C)C(=O)CC1(C2=C(C=CC=C2NC1=O)C(F)(F)F)O,,,,,,
93,300094,"N-[3,5-bis(hydrazinecarbonyl)phenyl]hexadecane-1-sulfonamide",CCCCCCCCCCCCCCCCS(=O)(=O)NC1=CC(=CC(=C1)C(=O)NN)C(=O)NN,,,,,,
94,300095,N-[[(3-aminophenyl)-piperidin-1-ylmethylidene]amino]hexadecane-1-sulfonamide,CCCCCCCCCCCCCCCCS(=O)(=O)NN=C(C1=CC(=CC=C1)N)N2CCCCC2,,,,,,
95,300096,"4-(4-aminophenyl)sulfonyl-1-N-phenylbenzene-1,2-diamine",C1=CC=C(C=C1)NC2=C(C=C(C=C2)S(=O)(=O)C3=CC=C(C=C3)N)N,,,,,,
96,300097,N-(2-oxopropyl)-N-phenylacetamide,CC(=O)CN(C1=CC=CC=C1)C(=O)C,,,,,,
97,300098,N-benzyl phenyl glycine amide,C1=CC=C(C=C1)CNC(=O)CNC2=CC=CC=C2,,,,,,
98,300099,2-(1-Phenylhydrazinyl)acetic acid,C1=CC=C(C=C1)N(CC(=O)O)N,,,,,,
99,300100,"3,5-Bis(4-chlorophenyl)-6,6-dimethyl-1,5-dihydrofuro[2,3-d]pyrimidine-2,4-dione",CC1(C(C2=C(O1)NC(=O)N(C2=O)C3=CC=C(C=C3)Cl)C4=CC=C(C=C4)Cl)C,,,,,,
100,300101,"N-(3-phenylpropyl)-1,2,3-benzotriazin-4-amine",C1=CC=C(C=C1)CCCNC2=NN=NC3=CC=CC=C32,,,,,,
101,300102,"4,6-Dichloro-5-[1-(4-chlorophenyl)-2-methylprop-1-en-1-yl]pyrimidine",CC(=C(C1=CC=C(C=C1)Cl)C2=C(N=CN=C2Cl)Cl)C,,,,,,
102,300103,"3-(dichloromethyl)-4,4-dimethyl-7-propan-2-yl-2,3-dihydro-1H-naphthalene",CC(C)C1=CC2=C(C=C1)C(C(CC2)C(Cl)Cl)(C)C,,,,,,
103,300104,"5-(4-Chlorophenyl)-3-(4-methoxyphenyl)-6,6-dimethyl-1,5-dihydrofuro[2,3-d]pyrimidine-2,4-dione",CC1(C(C2=C(O1)NC(=O)N(C2=O)C3=CC=C(C=C3)OC)C4=CC=C(C=C4)Cl)C,,,,,,
104,300105,"6,6-Dimethyl-5-(4-methylphenyl)-3,5-dihydrofuro[2,3-d]pyrimidin-4-one",CC1=CC=C(C=C1)C2C3=C(N=CNC3=O)OC2(C)C,,,,,,
105,300106,3-Phenylamino acrylic acid methylester,COC(=O)C=CNC1=CC=CC=C1,,,,,,
106,300107,2-Benzylpentanedioic acid,C1=CC=C(C=C1)CC(CCC(=O)O)C(=O)O,,,,,,
107,300108,"4-phenyl-1H-1,2,3-triazole-5-carbaldehyde",C1=CC=C(C=C1)C2=NNN=C2C=O,,,,,,
108,300109,N-(phenoxyacetyl)glycine,C1=CC=C(C=C1)OCC(=O)NCC(=O)O,,,,,,
109,300110,"2-Bromo-5-(1,3-dioxoisoindol-2-yl)-3-methoxypentanoic acid",COC(CCN1C(=O)C2=CC=CC=C2C1=O)C(C(=O)O)Br,,,,,,
110,300111,2-[2-[(2-Hydroxyphenyl)methylideneamino]ethyliminomethyl]phenol;trichloro(ethyl)stannane,CC[Sn](Cl)(Cl)Cl.C1=CC=C(C(=C1)C=NCCN=CC2=CC=CC=C2O)O,,,,,,
111,300112,4-[4-(7-Chloroquinolin-4-yl)sulfonylphenyl]morpholine,C1COCCN1C2=CC=C(C=C2)S(=O)(=O)C3=C4C=CC(=CC4=NC=C3)Cl,,,,,,
112,300113,1-(5-Methoxy-1H-benzoimidazol-2-yl)-ethanol,CC(C1=NC2=C(N1)C=C(C=C2)OC)O,,,,,,
113,300114,1-Bromo-4-[(trifluoromethyl)sulfonyl]benzene,C1=CC(=CC=C1S(=O)(=O)C(F)(F)F)Br,,,,,,
114,300115,"1,3-Dichloro-5-ethyl-5-phenylpyrimidine-2,4,6(1H,3H,5H)-trione",CCC1(C(=O)N(C(=O)N(C1=O)Cl)Cl)C2=CC=CC=C2,,,,,,
115,300116,"N-[2-acetamido-5-[(3,4,5-trimethoxyphenyl)methyl]pyrimidin-4-yl]acetamide",CC(=O)NC1=NC(=NC=C1CC2=CC(=C(C(=C2)OC)OC)OC)NC(=O)C,,,,,,
116,300117,"N-[2-(4-fluorophenyl)sulfonylethyl]-2,4-dihydroxy-3,3-dimethylbutanamide",CC(C)(CO)C(C(=O)NCCS(=O)(=O)C1=CC=C(C=C1)F)O,,,,,,
117,300118,"Phosphine sulfide, diphenyl(phenylmethyl)-",C1=CC=C(C=C1)CP(=S)(C2=CC=CC=C2)C3=CC=CC=C3,,,,,,
118,300119,Diphenylphosphorylbenzene;1-diphenylphosphoryl-3-methylbenzene,CC1=CC(=CC=C1)P(=O)(C2=CC=CC=C2)C3=CC=CC=C3.C1=CC=C(C=C1)P(=O)(C2=CC=CC=C2)C3=CC=CC=C3,,,,,,
119,300120,Diphenyl-m-tolylphosphine oxide,CC1=CC(=CC=C1)P(=O)(C2=CC=CC=C2)C3=CC=CC=C3,,,,,,
120,300121,Methyl 2-(4-nitrophenyl)but-2-enoate,CC=C(C1=CC=C(C=C1)[N+](=O)[O-])C(=O)OC,,,,,,
121,300122,"N-(1,3-dioxoisoindol-2-yl)benzenesulfinamide",C1=CC=C(C=C1)S(=O)NN2C(=O)C3=CC=CC=C3C2=O,,,,,,
122,300123,"2-[1,2-Dibromo-2-(2,4,6-trimethylphenyl)ethyl]-1,3,5-trimethylbenzene",CC1=CC(=C(C(=C1)C)C(C(C2=C(C=C(C=C2C)C)C)Br)Br)C,,,,,,
123,300124,"N-4-(2-(Butyl-methyl-amino)-ethyl)-N-2-(6-chloro-1H-benzoimidazol-2-yl)-6-methyl-pyrimidine-2,4-diamine",CCCCN(C)CCNC1=NC(=NC(=C1)C)NC2=NC3=C(N2)C=C(C=C3)Cl,,,,,,
124,300125,"N-2-(6-Chloro-1H-benzoimidazol-2-yl)-N-4-(2-diallylamino-ethyl)-6-methyl-pyrimidine-2,4-diamine",CC1=CC(=NC(=N1)NC2=NC3=C(N2)C=C(C=C3)Cl)NCCN(CC=C)CC=C,,,,,,
125,300126,"N2-(6-chloro-1H-benzimidazol-2-yl)-N4-[2-(diisopropylamino)ethyl]-6-methyl-pyrimidine-2,4-diamine",CC1=CC(=NC(=N1)NC2=NC3=C(N2)C=C(C=C3)Cl)NCCN(C(C)C)C(C)C,,,,,,
126,300127,N-hexylsulfanylcarbonylacetamide,CCCCCCSC(=O)NC(=O)C,,,,,,
127,300128,1-(1-Bromo-4-methylisoquinolin-3-yl)-3-(3-chlorophenyl)urea,CC1=C(N=C(C2=CC=CC=C12)Br)NC(=O)NC3=CC(=CC=C3)Cl,,,,,,
128,300129,2-(4-Nitrophenyl)-3-(4-phenylphenyl)prop-2-enenitrile,C1=CC=C(C=C1)C2=CC=C(C=C2)C=C(C#N)C3=CC=C(C=C3)[N+](=O)[O-],,,,,,
129,300130,2-(4-Chlorophenyl)-3-(4-phenylphenyl)prop-2-enenitrile,C1=CC=C(C=C1)C2=CC=C(C=C2)C=C(C#N)C3=CC=C(C=C3)Cl,,,,,,
130,300131,2-Phenyl-3-(4-phenylphenyl)prop-2-enenitrile,C1=CC=C(C=C1)C2=CC=C(C=C2)C=C(C#N)C3=CC=CC=C3,,,,,,
131,300132,"1-(2,3-dimethoxyphenyl)-N-(2,5-dimethylcyclohexyl)methanimine",CC1CCC(C(C1)N=CC2=C(C(=CC=C2)OC)OC)C,,,,,,
132,300133,"1-(2,4-dimethoxyphenyl)-N-(2,5-dimethylcyclohexyl)methanimine",CC1CCC(C(C1)N=CC2=C(C=C(C=C2)OC)OC)C,,,,,,
133,300134,"3-(2,5-Dimethoxyphenyl)-2-(4-nitrophenyl)prop-2-enenitrile",COC1=CC(=C(C=C1)OC)C=C(C#N)C2=CC=C(C=C2)[N+](=O)[O-],,,,,,
134,300135,3-[2-Chloro-4-(dimethylamino)phenyl]-2-(4-chlorophenyl)prop-2-enenitrile,CN(C)C1=CC(=C(C=C1)C=C(C#N)C2=CC=C(C=C2)Cl)Cl,,,,,,
135,300136,2-(4-Chlorophenyl)-3-(3-methoxy-4-phenylmethoxyphenyl)prop-2-enenitrile,COC1=C(C=CC(=C1)C=C(C#N)C2=CC=C(C=C2)Cl)OCC3=CC=CC=C3,,,,,,
136,300137,3-(2-Hydroxynaphthalen-1-yl)-2-(4-nitrophenyl)prop-2-enenitrile,C1=CC=C2C(=C1)C=CC(=C2C=C(C#N)C3=CC=C(C=C3)[N+](=O)[O-])O,,,,,,
137,300138,"1,2-Ethanediamine, N,N'-bis[(2,5-dimethoxyphenyl)methylene]-",COC1=CC(=C(C=C1)OC)C=NCCN=CC2=C(C=CC(=C2)OC)OC,,,,,,
138,300139,"1-(2,4-dimethoxyphenyl)-N-[2-[(2,4-dimethoxyphenyl)methylideneamino]ethyl]methanimine",COC1=CC(=C(C=C1)C=NCCN=CC2=C(C=C(C=C2)OC)OC)OC,,,,,,
139,300140,"4-((2-(2,4-Dihydroxybenzylideneamino)ethylimino)methyl)benzene-1,3-diol",C1=CC(=C(C=C1O)O)C=NCCN=CC2=C(C=C(C=C2)O)O,,,,,,
140,300141,"Ethyl 6,8-dichloro-2-methylquinoline-4-carboxylate",CCOC(=O)C1=C2C=C(C=C(C2=NC(=C1)C)Cl)Cl,,,,,,
141,300142,"(6,8-Dichloro-2-methylquinolin-4-yl)-pyridin-2-ylmethanone",CC1=CC(=C2C=C(C=C(C2=N1)Cl)Cl)C(=O)C3=CC=CC=N3,,,,,,
142,300143,"Ethyl 6,8-dichloro-2-(hydroxymethyl)quinoline-4-carboxylate",CCOC(=O)C1=C2C=C(C=C(C2=NC(=C1)CO)Cl)Cl,,,,,,
143,300144,"Ethyl 6,8-dichloro-2-formylquinoline-4-carboxylate",CCOC(=O)C1=C2C=C(C=C(C2=NC(=C1)C=O)Cl)Cl,,,,,,
144,300145,Cholesteryl isoamyl ether,CC(C)CCCC(C)C1CCC2C1(CCC3C2CC=C4C3(CCC(C4)OCCC(C)C)C)C,,,,,,
145,300146,Methyl 2-[3-(4-methylphenyl)prop-2-enoylamino]-3-(methylsulfanylmethylsulfanyl)propanoate,CC1=CC=C(C=C1)C=CC(=O)NC(CSCSC)C(=O)OC,,,,,,
146,300147,N-Ethylethanimine N-oxide,CC[N+](=CC)[O-],,,,,,
147,300148,"3,4-dihydro-2H-pyrrole 1-oxide",C1CC=[N+](C1)[O-],,,,,,
148,300149,Methyl 2-[[2-formamido-3-(4-hydroxyphenyl)propanoyl]amino]-4-methylpentanoate,CC(C)CC(C(=O)OC)NC(=O)C(CC1=CC=C(C=C1)O)NC=O,,,,,,
149,300150,N-(2-hydroxyethyl)-N-[(4-methoxyphenyl)methyl]acetamide,CC(=O)N(CCO)CC1=CC=C(C=C1)OC,,,,,,
150,300151,N-benzyl-N-(methylsulfonyl)glycine,CS(=O)(=O)N(CC1=CC=CC=C1)CC(=O)O,,,,,,
151,300152,"9-[3,4-Dihydroxy-5-(hydroxymethyl)oxolan-2-yl]-1-(3,7-dimethylocta-2,6-dienyl)purin-6-one",CC(=CCCC(=CCN1C=NC2=C(C1=O)N=CN2C3C(C(C(O3)CO)O)O)C)C,,,,,,
152,300153,"2-(3,7-Dimethylocta-2,6-dienyl)isoindole-1,3-dione",CC(=CCCC(=CCN1C(=O)C2=CC=CC=C2C1=O)C)C,,,,,,
153,300154,"Ethyl 4-methyl-2,6-dioxopiperidine-3-carboxylate",CCOC(=O)C1C(CC(=O)NC1=O)C,,,,,,
154,300155,"Ethyl 2,6-dioxopiperidine-3-carboxylate",CCOC(=O)C1CCC(=O)NC1=O,,,,,,
155,300156,Ethyl 3-[2-(1-ethoxy-1-oxopropan-2-ylidene)hydrazinyl]-3-oxopropanoate,CCOC(=O)CC(=O)NN=C(C)C(=O)OCC,,,,,,
156,300157,"N-[(1-hydroxy-1,1-diphenylpropan-2-ylidene)amino]acetamide",CC(=NNC(=O)C)C(C1=CC=CC=C1)(C2=CC=CC=C2)O,,,,,,
157,300158,"[3,4-Dibenzoyloxy-5-(carbamoylamino)oxolan-2-yl]methyl benzoate",C1=CC=C(C=C1)C(=O)OCC2C(C(C(O2)NC(=O)N)OC(=O)C3=CC=CC=C3)OC(=O)C4=CC=CC=C4,,,,,,
158,300159,Methyl 4-(3-oxo-3-phenyl-propanoyl)benzoate,COC(=O)C1=CC=C(C=C1)C(=O)CC(=O)C2=CC=CC=C2,,,,,,
159,300160,"1-(Pyridin-3-yl)butane-1,3-dione",CC(=O)CC(=O)C1=CN=CC=C1,,,,,,
160,300161,2-[2-(1-Carboxypentylamino)ethylamino]hexanoic acid,CCCCC(C(=O)O)NCCNC(CCCC)C(=O)O,,,,,,
161,300162,19-(((4-Methylphenyl)sulfonyl)oxy)cholest-5-en-3-yl acetate,CC1=CC=C(C=C1)S(=O)(=O)OCC23CCC(CC2=CCC4C3CCC5(C4CCC5C(C)CCCC(C)C)C)OC(=O)C,,,,,,
162,300163,2-[1-(4-Bromopiperidin-1-yl)-2-phenylethyl]sulfanylacetic acid,C1CN(CCC1Br)C(CC2=CC=CC=C2)SCC(=O)O,,,,,,
163,300164,2-Phenyl-1-(piperidin-1-yl)ethanethione,C1CCN(CC1)C(=S)CC2=CC=CC=C2,,,,,,
164,300165,"Ethyl 2-hydroxy-5-oxo-4,7-di(propan-2-yl)-3-oxa-6,9-diazatricyclo[7.3.0.02,6]dodecane-4-carboxylate",CCOC(=O)C1(C(=O)N2C(CN3CCCC3C2(O1)O)C(C)C)C(C)C,,,,,,
165,300166,Ethoxycarbonyl isocyanate,CCOC(=O)N=C=O,,,,,,
166,300167,4-Chloro-2-ethylsulfanyl-5-methylpyrimidine,CCSC1=NC=C(C(=N1)Cl)C,,,,,,
167,300168,4-Ethoxy-2-ethylsulfanyl-5-methylpyrimidine,CCOC1=NC(=NC=C1C)SCC,,,,,,
168,300169,4-Ethoxy-2-ethylsulfonyl-5-methylpyrimidine,CCOC1=NC(=NC=C1C)S(=O)(=O)CC,,,,,,
169,300170,"1-(2-Chloroacetyl)-5-methyl-5-thiophen-2-ylimidazolidine-2,4-dione",CC1(C(=O)NC(=O)N1C(=O)CCl)C2=CC=CS2,,,,,,
170,300171,"3,5-Dimethyl-5-thiophen-2-ylimidazolidine-2,4-dione",CC1(C(=O)N(C(=O)N1)C)C2=CC=CS2,,,,,,
171,300172,"1-(2-Chloroacetyl)-5-(furan-2-yl)-5-methylimidazolidine-2,4-dione",CC1(C(=O)NC(=O)N1C(=O)CCl)C2=CC=CO2,,,,,,
172,300173,"3-Chloro-5-methyl-5-thiophen-2-ylimidazolidine-2,4-dione",CC1(C(=O)N(C(=O)N1)Cl)C2=CC=CS2,,,,,,
173,300174,N-(3-aminopropyl)-N-[5-(diethylamino)pentan-2-yl]hexadecanamide;4-[(3-carboxy-2-hydroxynaphthalen-1-yl)methyl]-3-hydroxynaphthalene-2-carboxylic acid,CCCCCCCCCCCCCCCC(=O)N(CCCN)C(C)CCCN(CC)CC.C1=CC=C2C(=C1)C=C(C(=C2CC3=C(C(=CC4=CC=CC=C43)C(=O)O)O)O)C(=O)O,,,,,,
174,300175,N-(3-aminopropyl)-N-[5-(diethylamino)pentan-2-yl]hexadecanamide,CCCCCCCCCCCCCCCC(=O)N(CCCN)C(C)CCCN(CC)CC,,,,,,
175,300176,"2-(1,3-benzodioxol-5-yl)-6,7-dimethoxy-3,4-dihydro-2H-naphthalen-1-one",COC1=C(C=C2C(=C1)CCC(C2=O)C3=CC4=C(C=C3)OCO4)OC,,,,,,
176,300177,"2,3-Dimethoxy-9H-benzo[c][1,3]dioxolo[4,5-j]phenanthridine",COC1=C(C=C2C(=C1)C=CC3=C2N=CC4=CC5=C(C=C34)OCO5)OC,,,,,,
177,300178,"N-[1-(2,3-dimethoxyphenyl)ethylideneamino]-2,4-dinitroaniline",CC(=NNC1=C(C=C(C=C1)[N+](=O)[O-])[N+](=O)[O-])C2=C(C(=CC=C2)OC)OC,,,,,,
178,300179,"2,3,6,8,9-Pentamethoxy-5-methyl-5,6-dihydrobenzo[c]phenanthridine",CN1C(C2=CC(=C(C=C2C3=C1C4=CC(=C(C=C4C=C3)OC)OC)OC)OC)OC,,,,,,
179,300180,"Ethyl 4-(3,4-dimethoxy-2-phenylmethoxyphenyl)-3-methyl-4-oxobut-2-enoate",CCOC(=O)C=C(C)C(=O)C1=C(C(=C(C=C1)OC)OC)OCC2=CC=CC=C2,,,,,,
180,300181,N-(4-aminophenyl)-N-[5-(diethylamino)pentan-2-yl]hexadecanamide,CCCCCCCCCCCCCCCC(=O)N(C1=CC=C(C=C1)N)C(C)CCCN(CC)CC,,,,,,
181,300182,"2-[(2-Amino-5-carbamoyloxy-3,4-dihydroxypentanoyl)amino]-2-[5-(5-fluoro-2,4-dioxopyrimidin-1-yl)-3,4-dihydroxyoxolan-2-yl]acetic acid",C1=C(C(=O)NC(=O)N1C2C(C(C(O2)C(C(=O)O)NC(=O)C(C(C(COC(=O)N)O)O)N)O)O)F,,,,,,
182,300183,(4-Hydrazinophenyl)acetonitrile,C1=CC(=CC=C1CC#N)NN,,,,,,
183,300184,"1,3-Di(2-oxoindolin-3-ylidene)acetone",C1=CC=C2C(=C1)C(=CC(=O)C=C3C4=CC=CC=C4NC3=O)C(=O)N2,,,,,,
184,300185,"5,6,7,8-Tetrahydroquinoxaline-2,3-dicarbonitrile",C1CCC2=C(C1)N=C(C(=N2)C#N)C#N,,,,,,
185,300186,"Pyrazine-2,3,5,6-tetracarbonitrile",C(#N)C1=C(N=C(C(=N1)C#N)C#N)C#N,,,,,,
186,300187,"5,7-dimethyl-6H-1,4-diazepine-2,3-dicarbonitrile",CC1=NC(=C(N=C(C1)C)C#N)C#N,,,,,,
187,300188,"6-methoxy-N,N-dimethyl-4,4-dioxo-1,4,3,5-oxathiadiazin-2-amine",CN(C)C1=NS(=O)(=O)N=C(O1)OC,,,,,,
188,300189,"2-N,6-N,6-N-trimethyl-4,4-dioxo-2-N-phenyl-1,4,3,5-oxathiadiazine-2,6-diamine",CN(C)C1=NS(=O)(=O)N=C(O1)N(C)C2=CC=CC=C2,,,,,,
189,300190,"1,4,3,5-Oxathiadiazine-2,6-diamine, N,N'-dimethyl-N,N'-diphenyl-, 4,4-dioxide",CN(C1=CC=CC=C1)C2=NS(=O)(=O)N=C(O2)N(C)C3=CC=CC=C3,,,,,,
190,300191,"2-Methoxy-6-methyl-[1,4,3,5]oxathiadiazine 4,4-dioxide",CC1=NS(=O)(=O)N=C(O1)OC,,,,,,
191,300192,"1-(2-Methoxy-4,4-dioxo-5,6-dihydro-1,4,3-oxathiazin-6-yl)pyrrolidine-2,5-dione",COC1=NS(=O)(=O)CC(O1)N2C(=O)CCC2=O,,,,,,
192,300193,"Methyl 4,4-dimethyl-1,1-dioxo-3-(2-oxopyrrolidin-1-yl)thiazetidine-2-carboxylate",CC1(C(N(S1(=O)=O)C(=O)OC)N2CCCC2=O)C,,,,,,
193,300194,methyl N-[2-(2-oxopyrrolidin-1-yl)ethenylsulfonyl]carbamate,COC(=O)NS(=O)(=O)C=CN1CCCC1=O,,,,,,
194,300195,"5-Methoxyspiro[1,3,4-oxathiazole-2,9'-fluorene] 3,3-dioxide",COC1=NS(=O)(=O)C2(O1)C3=CC=CC=C3C4=CC=CC=C24,,,,,,
195,300196,"3-Methoxy-4a,5,6,7,8,9,10,10a-octahydrocycloocta[e][1,4,3]oxathiazine 1,1-dioxide",COC1=NS(=O)(=O)C2CCCCCCC2O1,,,,,,
196,300197,"methyl N-(2,2-diphenylethenylsulfonyl)carbamate",COC(=O)NS(=O)(=O)C=C(C1=CC=CC=C1)C2=CC=CC=C2,,,,,,
197,300198,"Methyl 1,1-dioxo-3,3-diphenyl-1lambda~6~,2-thiazetidine-2-carboxylate",COC(=O)N1C(CS1(=O)=O)(C2=CC=CC=C2)C3=CC=CC=C3,,,,,,
198,300199,"2-Methoxy-6-phenyl-5,6-dihydro-1,4,3-oxathiazine 4,4-dioxide",COC1=NS(=O)(=O)CC(O1)C2=CC=CC=C2,,,,,,
199,300200,"Methyl 1,1-dioxo-3-phenyl-1lambda~6~,2-thiazetidine-2-carboxylate",COC(=O)N1C(CS1(=O)=O)C2=CC=CC=C2,,,,,,
200,300201,"Methyl 3-(4-methoxyphenyl)-1,1-dioxo-1lambda~6~,2-thiazetidine-2-carboxylate",COC1=CC=C(C=C1)C2CS(=O)(=O)N2C(=O)OC,,,,,,
201,300202,"2-Methoxy-5,6,6-trimethyl-5,6-dihydro-1,4,3-oxathiazine 4,4-dioxide",CC1C(OC(=NS1(=O)=O)OC)(C)C,,,,,,
202,300203,"3,3-Diphenylthiazetidine 1,1-dioxide",C1C(NS1(=O)=O)(C2=CC=CC=C2)C3=CC=CC=C3,,,,,,
203,300204,"2-Methoxy-6-phenyl-1,4,3-oxathiazine 4,4-dioxide",COC1=NS(=O)(=O)C=C(O1)C2=CC=CC=C2,,,,,,
204,300205,methyl N-acenaphthylen-1-ylsulfonylcarbamate,COC(=O)NS(=O)(=O)C1=CC2=CC=CC3=C2C1=CC=C3,,,,,,
205,300206,methyl N-(2-carbazol-9-ylethenylsulfonyl)carbamate,COC(=O)NS(=O)(=O)C=CN1C2=CC=CC=C2C3=CC=CC=C31,,,,,,
206,300207,methyl N-(furan-2-ylsulfonyl)carbamate,COC(=O)NS(=O)(=O)C1=CC=CO1,,,,,,
207,300208,methyl N-thiophen-2-ylsulfonylcarbamate,COC(=O)NS(=O)(=O)C1=CC=CS1,,,,,,
208,300209,methyl N-(1-methylpyrrol-2-yl)sulfonylcarbamate,CN1C=CC=C1S(=O)(=O)NC(=O)OC,,,,,,
209,300210,methyl N-(1-methylpyrrol-3-yl)sulfonylcarbamate,CN1C=CC(=C1)S(=O)(=O)NC(=O)OC,,,,,,
210,300211,"2-Methoxy-6-(4-methoxyphenyl)-1,4,3,5-oxathiadiazine 4,4-dioxide",COC1=CC=C(C=C1)C2=NS(=O)(=O)N=C(O2)OC,,,,,,
211,300212,"Methyl 1,2,7,8-tetramethyl-3,3-dioxo-3lambda6-thia-4-azatricyclo[3.3.0.02,6]oct-7-ene-4-carboxylate",CC1=C(C2(C3C1C2(S(=O)(=O)N3C(=O)OC)C)C)C,,,,,,
212,300213,methyl N-[4-(diethylamino)phenyl]sulfonylcarbamate,CCN(CC)C1=CC=C(C=C1)S(=O)(=O)NC(=O)OC,,,,,,
213,300214,methyl N-methoxysulfonylcarbamate,COC(=O)NS(=O)(=O)OC,,,,,,
214,300215,"2'-Benzoyl-4'-methyl-3'-piperidin-1-ylspiro(fluorene-9,5'-isothiazolidine)",CC1C(N(SC12C3=CC=CC=C3C4=CC=CC=C24)C(=O)C5=CC=CC=C5)N6CCCCC6,,,,,,
215,300216,N-morpholin-4-ylsulfanylbenzamide,C1COCCN1SNC(=O)C2=CC=CC=C2,,,,,,
216,300217,"(4,4-Dimethyl-3-pyrrolidin-1-ylspiro[1,2-thiazolidine-5,9'-fluorene]-2-yl)-phenylmethanone",CC1(C(N(SC12C3=CC=CC=C3C4=CC=CC=C24)C(=O)C5=CC=CC=C5)N6CCCC6)C,,,,,,
217,300218,N-anilinosulfanylbenzamide,C1=CC=C(C=C1)C(=O)NSNC2=CC=CC=C2,,,,,,
218,300219,"5,5-Dimethyl-4,4-dioxido-2-phenyl-5,6-dihydro-1,4,3-oxathiazin-6-yl ethyl ether",CCOC1C(S(=O)(=O)N=C(O1)C2=CC=CC=C2)(C)C,,,,,,
219,300220,"3-Methoxy-4a,7,8,9,10,10a-hexahydrocycloocta[e][1,4,3]oxathiazine 1,1-dioxide",COC1=NS(=O)(=O)C2CCCCC=CC2O1,,,,,,
220,300221,methyl N-phenacylsulfonylcarbamate,COC(=O)NS(=O)(=O)CC(=O)C1=CC=CC=C1,,,,,,
221,300222,methyl N-(2-oxopropylsulfonyl)carbamate,CC(=O)CS(=O)(=O)NC(=O)OC,,,,,,
222,300223,"(4,4-Dimethyl-1-oxo-3-pyrrolidin-1-ylspiro[1,2-thiazolidine-5,9'-fluorene]-2-yl)-phenylmethanone",CC1(C(N(S(=O)C12C3=CC=CC=C3C4=CC=CC=C24)C(=O)C5=CC=CC=C5)N6CCCC6)C,,,,,,
223,300224,Methyl 2-(7-methyl-8-oxo-2-oxa-7-azaspiro[2.5]octan-4-yl)butanoate,CCC(C1CCN(C(=O)C12CO2)C)C(=O)OC,,,,,,
224,300225,Methyl 2-(1-methyl-3-methylidene-2-oxopiperidin-4-yl)butanoate,CCC(C1CCN(C(=O)C1=C)C)C(=O)OC,,,,,,
225,300226,Methyl 2-(4-hydroxy-1-methyl-3-methylidene-2-oxopiperidin-4-yl)butanoate,CCC(C(=O)OC)C1(CCN(C(=O)C1=C)C)O,,,,,,
226,300227,"4-Ethyl-7-methyl-1,4-dihydropyrano[3,4-c]pyridine-3,8-dione",CCC1C2=C(COC1=O)C(=O)N(C=C2)C,,,,,,
227,300228,"4-ethyl-4-hydroxy-7-methyl-1H-pyrano[3,4-c]pyridine-3,8-dione",CCC1(C2=C(COC1=O)C(=O)N(C=C2)C)O,,,,,,
228,300229,"3-Ethyl-7a-(hydroxymethyl)-6-methyl-3,3a,4,5-tetrahydrofuro[2,3-c]pyridine-2,7-dione",CCC1C2CCN(C(=O)C2(OC1=O)CO)C,,,,,,
229,300230,"5-Bromo-4-ethyl-7-methyl-1,4-dihydropyrano[3,4-c]pyridine-3,8-dione",CCC1C2=C(COC1=O)C(=O)N(C=C2Br)C,,,,,,
230,300231,"5-bromo-4-ethyl-4-hydroxy-7-methyl-6-phenyl-1H-pyrano[3,4-c]pyridine-3,8-dione",CCC1(C2=C(COC1=O)C(=O)N(C(=C2Br)C3=CC=CC=C3)C)O,,,,,,
231,300232,1-Methyl-3-methylidene-6-phenylpiperidin-2-one,CN1C(CCC(=C)C1=O)C2=CC=CC=C2,,,,,,
232,300233,"4-ethyl-4-hydroxy-7-methyl-6-phenyl-1H-pyrano[3,4-c]pyridine-3,8-dione",CCC1(C2=C(COC1=O)C(=O)N(C(=C2)C3=CC=CC=C3)C)O,,,,,,
233,300234,Methyl 4-(1-methoxy-1-oxobutan-2-yl)-1-methyl-5-methylidene-6-oxopiperidine-2-carboxylate,CCC(C1CC(N(C(=O)C1=C)C)C(=O)OC)C(=O)OC,,,,,,
234,300235,Methyl 4-hydroxy-4-(1-methoxy-1-oxobutan-2-yl)-1-methyl-5-methylidene-6-oxopiperidine-2-carboxylate,CCC(C(=O)OC)C1(CC(N(C(=O)C1=C)C)C(=O)OC)O,,,,,,
235,300236,"Methyl 4-ethyl-7-methyl-3,8-dioxo-1,4-dihydropyrano[3,4-c]pyridine-6-carboxylate",CCC1C2=C(COC1=O)C(=O)N(C(=C2)C(=O)OC)C,,,,,,
236,300237,"methyl 4-ethyl-4-hydroxy-7-methyl-3,8-dioxo-1H-pyrano[3,4-c]pyridine-6-carboxylate",CCC1(C2=C(COC1=O)C(=O)N(C(=C2)C(=O)OC)C)O,,,,,,
237,300238,"1-Hydroxy-6-methylidene-1,2,3,7,8,8a-hexahydroindolizin-5-one",C=C1CCC2C(CCN2C1=O)O,,,,,,
238,300239,"6-Methylidene-1,2,3,7,8,8a-hexahydroindolizin-5-one",C=C1CCC2CCCN2C1=O,,,,,,
239,300240,"4-Ethyl-4-hydroxy-1,6,7,8-tetrahydropyrano[3,4-f]indolizine-3,10-dione",CCC1(C2=C(COC1=O)C(=O)N3CCCC3=C2)O,,,,,,
240,300241,4-Methoxy-9H-xanthen-9-one,COC1=CC=CC2=C1OC3=CC=CC=C3C2=O,,,,,,
241,300242,2-[1-(2-Nitrosocyclohexyl)ethyl]phenol,CC(C1CCCCC1N=O)C2=CC=CC=C2O,,,,,,
242,300243,"Dimethyl 3-pyrrolidin-1-ylcyclonona-2,9-diene-1,2-dicarboxylate",COC(=O)C1=CCCCCCC(=C1C(=O)OC)N2CCCC2,,,,,,
243,300244,"5,7-Dichloro-4a-nitroso-1,2,3,4,9,9a-hexahydroxanthen-9-ol",C1CCC2(C(C1)C(C3=C(O2)C(=CC(=C3)Cl)Cl)O)N=O,,,,,,
244,300245,2-Ethyl-4-(3-ethyl-4-hydroxy-5-methylcyclohexyl)-6-methylcyclohexan-1-ol,CCC1CC(CC(C1O)C)C2CC(C(C(C2)CC)O)C,,,,,,
245,300246,"Methyl 8,8,9,9-tetracyano-2-azabicyclo[3.2.2]nona-3,6-diene-2-carboxylate",COC(=O)N1C=CC2C=CC1C(C2(C#N)C#N)(C#N)C#N,,,,,,
246,300247,"3,15-Dimethyl-9-thiatricyclo[9.4.0.02,7]pentadecane",CC1CCCC2C1C3C(CCCC3CSC2)C,,,,,,
247,300248,[(3-Phenylpropyl)thio]acetic acid,C1=CC=C(C=C1)CCCSCC(=O)O,,,,,,
248,300249,"4-methoxy-2,3,4,4a,5,6,7,8,9,9a-decahydro-1H-xanthene",COC1CCCC2C1OC3=C(C2)CCCC3,,,,,,
249,300250,"9-Methyl-9-azatricyclo[3.3.1.12,4]decan-7-one",CN1C2CC(=O)CC1C3CC2C3,,,,,,
250,300251,"16-Methyltetracyclo[6.6.2.02,7.09,14]hexadeca-2,4,6,9,11,13-hexaene-15-sulfonyl fluoride",CC1C(C2C3=CC=CC=C3C1C4=CC=CC=C24)S(=O)(=O)F,,,,,,
251,300252,Spiro[5.7]tridecan-13-one,C1CCCC2(CCCCC2)C(=O)CC1,,,,,,
252,300253,"18-Pyrrolidin-1-yl-16lambda6-thiapentacyclo[6.6.4.02,7.09,14.015,18]octadeca-2,4,6,9,11,13-hexaene 16,16-dioxide",C1CCN(C1)C23CS(=O)(=O)C2C4C5=CC=CC=C5C3C6=CC=CC=C46,,,,,,
253,300254,1-(2-Methylbutan-2-yl)naphthalene,CCC(C)(C)C1=CC=CC2=CC=CC=C21,,,,,,
254,300255,"N-[2-(Benzylsulfonyl)ethyl]-N,N-dimethylamine",CN(C)CCS(=O)(=O)CC1=CC=CC=C1,,,,,,
255,300256,"N,N-Dimethyl-7-thiabicyclo[4.2.0]octan-1-amine 7,7-dioxide",CN(C)C12CCCCC1S(=O)(=O)C2,,,,,,
256,300257,"N,N-dimethyl-1-phenylmethanesulfonamide",CN(C)S(=O)(=O)CC1=CC=CC=C1,,,,,,
257,300258,"Methyl 2,7-dimethyl-1H-azepine-1-carboxylate",CC1=CC=CC=C(N1C(=O)OC)C,,,,,,
258,300259,"4a,8a-Bis(iodomethyl)-1,2,3,4,5,8-hexahydronaphthalene",C1CCC2(CC=CCC2(C1)CI)CI,,,,,,
259,300260,"11-Azatricyclo[4.4.2.01,6]dodec-3-en-12-one",C1CCC23CC=CCC2(C1)C(=O)N3,,,,,,
260,300261,"2-methyl-3,8-diphenyl-2H-naphtho[2,3-b]thiete 1,1-dioxide",CC1C2=C(C3=CC=CC=C3C(=C2S1(=O)=O)C4=CC=CC=C4)C5=CC=CC=C5,,,,,,
261,300262,"Methyl 2,3,4,5,6-pentamethyl-7,9-diazatricyclo[4.3.0.02,5]nona-3,8-diene-7-carboxylate",CC1=C(C2(C1(C3C2(N(C=N3)C(=O)OC)C)C)C)C,,,,,,
262,300263,"4,5-Dihydrothiepin 1,1-dioxide",C1CC=CS(=O)(=O)C=C1,,,,,,
263,300264,"1H-Azepine, 1-(phenylsulfonyl)-",C1=CC=CN(C=C1)S(=O)(=O)C2=CC=CC=C2,,,,,,
264,300265,"15-Methoxy-14-azatetracyclo[14.4.0.02,7.08,13]icosa-1(20),2,4,6,8,10,12,14,16,18-decaene",COC1=NC2=CC=CC=C2C3=CC=CC=C3C4=CC=CC=C41,,,,,,
265,300266,CID 300266,C1CC2CC2CCC3C1C3.C1CC2CC2CCC3C1C3,,,,,,
266,300267,CID 300267,C1=CC2C=CC(C=C1)NC2=O,,,,,,
267,300268,"1,2,4,7-Tetramethyl-5,6,8,9-tetraphenyltricyclo[5.2.1.02,6]dec-4-ene-3,10-dione",CC1=C(C2(C3(C(C(C(C3=O)(C2(C1=O)C)C)C4=CC=CC=C4)C5=CC=CC=C5)C)C6=CC=CC=C6)C7=CC=CC=C7,,,,,,
268,300269,"Benzenemethanamine, N,N-bis(2,2-diethoxyethyl)-",CCOC(CN(CC1=CC=CC=C1)CC(OCC)OCC)OCC,,,,,,
269,300270,"5-Methyl-2-thiabicyclo[2.2.0]hexan-6-one 2,2-dioxide",CC1C2CS(=O)(=O)C2C1=O,,,,,,
270,300271,Ethoxycarbonylmethanesulfonylmethanesulfonyl-acetic acid ethyl ester,CCOC(=O)CS(=O)(=O)CS(=O)(=O)CC(=O)OCC,,,,,,
271,300272,"2,3-Diethyl-4-methoxy-2,3-dihydroazete;2,4,6-trinitrophenol",CCC1C(N=C1OC)CC.C1=C(C=C(C(=C1[N+](=O)[O-])O)[N+](=O)[O-])[N+](=O)[O-],,,,,,
272,300273,"2,3-Diethyl-4-methoxy-2,3-dihydroazete",CCC1C(N=C1OC)CC,,,,,,
273,300274,Cyclopropyl sulfone,C1CC1S(=O)(=O)C2CC2,,,,,,
274,300275,"Phenanthrene, 1,2,3,4,9,10-hexahydro-",C1CCC2=C(C1)CCC3=CC=CC=C32,,,,,,
275,300276,"Dimethyl 2,3-diazabicyclo[2.2.1]hept-5-ene-2,3-dicarboxylate",COC(=O)N1C2CC(N1C(=O)OC)C=C2,,,,,,
276,300277,"1,6-Dibenzyl-11,12-diazatetracyclo[4.4.2.02,5.07,10]dodeca-3,8,11-triene",C1=CC=C(C=C1)CC23C4C=CC4C(C5C2C=C5)(N=N3)CC6=CC=CC=C6,,,,,,
277,300278,7-Azabicyclo[4.2.0]oct-3-en-8-one,C1C=CCC2C1C(=O)N2,,,,,,
278,300279,"Bicyclo[6.2.0]deca-1,3,6-triene-9,9,10,10-tetracarbonitrile",C1C=CC=C2C(C=C1)C(C2(C#N)C#N)(C#N)C#N,,,,,,
279,300280,"1,6-Dimethyl-7-azabicyclo[4.2.0]octa-2,4-dien-8-one",CC12C=CC=CC1(NC2=O)C,,,,,,
280,300281,"10-Methoxy-8,11-dimethyl-4-phenyl-4,9-diazatetracyclo[5.4.2.02,6.08,11]trideca-9,12-diene-3,5-dione",CC12C3C=CC(C1(N=C2OC)C)C4C3C(=O)N(C4=O)C5=CC=CC=C5,,,,,,
281,300282,1-(Methylsulfonyl)-1H-azepine,CS(=O)(=O)N1C=CC=CC=C1,,,,,,
282,300283,"5-Methylsulfonyl-1,9-diphenyl-16-oxa-5-azatetracyclo[7.6.1.02,8.010,15]hexadeca-3,6,10,12,14-pentaene",CS(=O)(=O)N1C=CC2C(C=C1)C3(C4=CC=CC=C4C2(O3)C5=CC=CC=C5)C6=CC=CC=C6,,,,,,
283,300284,"2A,3,8,8A-Tetrahydronaphtho[2,3-B]azet-2(1H)-one",C1C2C(CC3=CC=CC=C31)NC2=O,,,,,,
284,300285,"3a,7a-(Iminomethano)-1H-inden-8-one, 2,3,4,7-tetrahydro-",C1CC23CC=CCC2(C1)NC3=O,,,,,,
285,300286,"2a,3,4,8b-Tetrahydronaphtho[1,2-b]azet-2(1H)-one",C1CC2=CC=CC=C2C3C1C(=O)N3,,,,,,
286,300287,methyl N-(8-iodocyclooct-4-en-1-yl)carbamate,COC(=O)NC1CCC=CCCC1I,,,,,,
287,300288,"(7,7-Dimethyl-2-oxo-1-bicyclo[2.2.1]heptanyl)methanesulfonic acid;2-methyl-3-piperidin-1-ylthietane 1,1-dioxide",CC1C(CS1(=O)=O)N2CCCCC2.CC1(C2CCC1(C(=O)C2)CS(=O)(=O)O)C,,,,,,
288,300289,"1-(2-Methyl-1,1-dioxido-3-thietanyl)piperidine",CC1C(CS1(=O)=O)N2CCCCC2,,,,,,
289,300290,Ethyl 2-(2-hydroxyiminocyclopentyl)acetate,CCOC(=O)CC1CCCC1=NO,,,,,,
290,300291,"2-Benzyl-1,3-dithiane",C1CSC(SC1)CC2=CC=CC=C2,,,,,,
291,300292,"3,3-Dimethyl-2,4-diphenyltricyclo[3.2.0.0(2,4)]hept-6-ene",CC1(C2(C1(C3C2C=C3)C4=CC=CC=C4)C5=CC=CC=C5)C,,,,,,
292,300293,"1,4,4-Trimethylbicyclo[5.1.0]oct-5-en-2-one",CC1(CC(=O)C2(CC2C=C1)C)C,,,,,,
293,300294,"9H-tribenzo[a,c,e]cyclohepten-9-one oxime",C1=CC=C2C(=C1)C3=CC=CC=C3C(=NO)C4=CC=CC=C24,,,,,,
294,300295,CID 300295,CCOC(=O)C1C2C1C=CCCCC2,,,,,,
295,300296,Bicyclo[6.1.0]nonan-2-one,C1CCC2CC2C(=O)CC1,,,,,,
296,300297,"Methyl 8-oxonona-2,6-diynoate",CC(=O)C#CCCC#CC(=O)OC,,,,,,
297,300298,"10-Pentacyclo[8.8.0.02,18.03,8.012,17]octadeca-3,5,7,12,14,16-hexaenylmethyl 4-methylbenzenesulfonate",CC1=CC=C(C=C1)S(=O)(=O)OCC23CC4=CC=CC=C4C5C2C5C6=CC=CC=C6C3,,,,,,
298,300299,"5-Methyl-2,2-dioxido-2-thiabicyclo[2.2.0]hex-6-yl 4-methylbenzenesulfonate",CC1C2CS(=O)(=O)C2C1OS(=O)(=O)C3=CC=C(C=C3)C,,,,,,
299,300300,"4c,8d-dihydrodibenzo[a,f]cyclopropa[cd]pentalene-8b(4bH)-carboxylic acid",C1=CC=C2C(=C1)C3C4C3C2(C5=CC=CC=C45)C(=O)O,,,,,,
300,300301,Ethyl 2-(1-piperidin-1-ylbut-1-en-2-ylsulfonyl)propanoate,CCC(=CN1CCCCC1)S(=O)(=O)C(C)C(=O)OCC,,,,,,
301,300302,"1-Chloro-5,8-dioxa-2-thiaspiro[3.4]octane 2,2-dioxide",C1COC2(O1)CS(=O)(=O)C2Cl,,,,,,
302,300303,"(9-Pentacyclo[7.7.0.02,16.03,8.010,15]hexadeca-3,5,7,10,12,14-hexaenylmethylideneamino) 4-methylbenzenesulfonate",CC1=CC=C(C=C1)S(=O)(=O)ON=CC23C4C(C4C5=CC=CC=C52)C6=CC=CC=C36,,,,,,
303,300304,"4,4,5-Trimethyl-3-azabicyclo[3.1.0]hexan-2-one",CC1(C2(CC2C(=O)N1)C)C,,,,,,
304,300305,octahydro-2H-cyclopropa[cd]indol-2-one,C1CC2C3C2C(=O)NC3C1,,,,,,
305,300306,"2,2-Dimethylthietane 1,1-dioxide",CC1(CCS1(=O)=O)C,,,,,,
306,300307,5-Methyl-2-(propan-2-yl)azepane,CC1CCC(NCC1)C(C)C,,,,,,
307,300308,"Dimethyl 1,2,4,5-tetrazine-3,6-dicarboxylate",COC(=O)C1=NN=C(N=N1)C(=O)OC,,,,,,
308,300309,Bicyclo[6.1.0]non-2-ene-9-carboxylicacid,C1CCC2C(C2C(=O)O)C=CC1,,,,,,
309,300310,"1,2,3,4,5-Pentamethyl-6-phenyl-7,8,9-triazatricyclo[4.3.0.02,5]nona-3,7-diene",CC1=C(C2(C1(C3(C2(N=NN3)C4=CC=CC=C4)C)C)C)C,,,,,,
310,300311,[(2-Methyl-2-cyclohexen-1-YL)oxy]benzene,CC1=CCCCC1OC2=CC=CC=C2,,,,,,
311,300312,2-Methyl-2-cyclohexen-1-OL,CC1=CCCCC1O,,,,,,
312,300313,6-Bromo-1-methylcyclohexene,CC1=CCCCC1Br,,,,,,
313,300314,"2-(9-Pentacyclo[7.7.0.02,16.03,8.010,15]hexadeca-3,5,7,10,12,14-hexaenylmethoxy)ethanol",C1=CC=C2C(=C1)C3C4C3C2(C5=CC=CC=C45)COCCO,,,,,,
314,300315,"1,9-Dimethyl-5-methylsulfonyl-10,11-diphenyl-5-azatricyclo[7.2.1.02,8]dodeca-3,6,10-trien-12-one",CC12C3C=CN(C=CC3C(C1=O)(C(=C2C4=CC=CC=C4)C5=CC=CC=C5)C)S(=O)(=O)C,,,,,,
315,300316,"4c,8d-dihydrodibenzo[a,f]cyclopropa[cd]pentalene-8b(4bH)-carboxamide",C1=CC=C2C(=C1)C3C4C3C2(C5=CC=CC=C45)C(=O)N,,,,,,
316,300317,"3,6-Pyridazinedicarboxylic acid",C1=CC(=NN=C1C(=O)O)C(=O)O,,,,,,
317,300318,CID 300318,CCOC(=O)C(=N)S,,,,,,
318,300319,9H-fluorene-9-sulfonyl chloride,C1=CC=C2C(=C1)C(C3=CC=CC=C32)S(=O)(=O)Cl,,,,,,
319,300320,"4,7,7-Trimethyl-5-phenylbicyclo[2.2.1]hept-5-en-2-ol",CC1(C2C=C(C1(CC2O)C)C3=CC=CC=C3)C,,,,,,
320,300321,2-Ethyl-2-methyl-3-oxobutanal,CCC(C)(C=O)C(=O)C,,,,,,
321,300322,"4a,10a-(Iminomethano)benzocycloocten-11-one, 1,4,5,6,7,8,9,10-octahydro-",C1CCCC23CC=CCC2(CC1)C(=O)N3,,,,,,
322,300323,"2',5'-Dimethylspiro[1,3-dioxolane-2,9'-pentacyclo[4.3.0.02,5.03,8.04,7]nonane]",CC12C3C4C1C5C2(C3C4C56OCCO6)C,,,,,,
323,300324,"1,2-Dibenzoylcyclopropane",C1C(C1C(=O)C2=CC=CC=C2)C(=O)C3=CC=CC=C3,,,,,,
324,300325,3-(2-Phenylphenyl)propionic acid,C1=CC=C(C=C1)C2=CC=CC=C2CCC(=O)O,,,,,,
325,300326,"4-Phenyl-3-thia-2,4,6-triazatetracyclo[5.3.2.02,6.08,10]dodec-11-en-5-one",C1C2C1C3C=CC2N4N3SN(C4=O)C5=CC=CC=C5,,,,,,
326,300327,"1,1-Dibromo-2-(butan-2-yl)cyclopropane",CCC(C)C1CC1(Br)Br,,,,,,
327,300328,7-(1-Ethoxyethyl)-2-methylbicyclo[4.1.0]heptane,CCOC(C)C1C2C1C(CCC2)C,,,,,,
328,300329,7-(1-Ethoxyethyl)bicyclo[4.1.0]heptane,CCOC(C)C1C2C1CCCC2,,,,,,
329,300330,"[10-(Hydroxymethyl)-9-pentacyclo[4.4.0.02,5.03,8.04,7]decanyl]methanol",C(C1C(C2C3C4C1C5C2C3C45)CO)O,,,,,,
330,300331,"13-Oxatetracyclo[8.5.2.03,8.011,15]heptadeca-3(8),16-diene-12,14-dione",C1CCC2=C(C1)CC3C=CC(C2)C4C3C(=O)OC4=O,,,,,,
